split,scenario_id,source_path,ooi_a_id,ooi_b_id,reason,severity,diagnostic_step_a,diagnostic_step_b,diagnostic_distance_m,diagnostic_pet_steps,constrained_step_a,constrained_step_b,constrained_distance_m,longest_joint_valid_steps,selection_quantile,figure
train,5794a398edd8682c,/p/yufeng/tri30/dreamer4/data/waymo_vector_dataset_ooi_centered_50k/train/5794a398edd8682c_focus_31_src0.npz,31,258,pet_over_30_only,40.0,50,90,4.408620834350586,40,50,80,7.4446187019348145,91,0.1,pet_over_30_only/pet_over_30_only_1_q10_train_5794a398edd8682c.png
train,9e4072f041a8b066,/p/yufeng/tri30/dreamer4/data/waymo_vector_dataset_ooi_centered_50k/train/9e4072f041a8b066_focus_717_src0.npz,717,761,pet_over_30_only,53.0,24,77,0.08206666260957718,53,50,80,9.676076889038086,91,0.5,pet_over_30_only/pet_over_30_only_2_q50_train_9e4072f041a8b066.png
val,6844142d11ba7c64,/p/yufeng/tri30/dreamer4/data/waymo_vector_dataset_ooi_centered_50k/val/6844142d11ba7c64_focus_1277_src0.npz,1277,1281,pet_over_30_only,71.0,90,19,5.821585655212402,71,49,19,6.081106185913086,91,0.9,pet_over_30_only/pet_over_30_only_3_q90_val_6844142d11ba7c64.png
train,6998b9311d124749,/p/yufeng/tri30/dreamer4/data/waymo_vector_dataset_ooi_centered_50k/train/6998b9311d124749_focus_317_src0.npz,317,335,distance_over_6_even_without_pet_limit,6.409559726715088,55,36,6.409559726715088,19,55,36,6.409559726715088,77,0.1,distance_over_6_even_without_pet_limit/distance_over_6_even_without_pet_limit_1_q10_train_6998b9311d124749.png
train,c6ccb343285dbbe4,/p/yufeng/tri30/dreamer4/data/waymo_vector_dataset_ooi_centered_50k/train/c6ccb343285dbbe4_focus_906_src4.npz,906,907,distance_over_6_even_without_pet_limit,8.39953899383545,24,24,8.39953899383545,0,24,24,8.39953899383545,86,0.5,distance_over_6_even_without_pet_limit/distance_over_6_even_without_pet_limit_2_q50_train_c6ccb343285dbbe4.png
train,7d2b067dedaeede1,/p/yufeng/tri30/dreamer4/data/waymo_vector_dataset_ooi_centered_50k/train/7d2b067dedaeede1_focus_2311_src3.npz,2311,2335,distance_over_6_even_without_pet_limit,18.331954956054688,19,90,18.331954956054688,71,50,80,26.67922592163086,91,0.9,distance_over_6_even_without_pet_limit/distance_over_6_even_without_pet_limit_3_q90_train_7d2b067dedaeede1.png
train,9e55bccce48bd2ed,/p/yufeng/tri30/dreamer4/data/waymo_vector_dataset_ooi_centered_50k/train/9e55bccce48bd2ed_focus_3046_src0.npz,3046,7116,no_full_60_step_shared_window,30.0,34,64,2.158933162689209,30,-1,-1,nan,30,0.1,no_full_60_step_shared_window/no_full_60_step_shared_window_1_q10_train_9e55bccce48bd2ed.png
train,f6ba9a64a8a31d24,/p/yufeng/tri30/dreamer4/data/waymo_vector_dataset_ooi_centered_50k/train/f6ba9a64a8a31d24_focus_205_src2.npz,205,221,no_full_60_step_shared_window,47.0,45,34,2.369112014770508,11,-1,-1,nan,47,0.5,no_full_60_step_shared_window/no_full_60_step_shared_window_2_q50_train_f6ba9a64a8a31d24.png
train,bec22bca3508d3f3,/p/yufeng/tri30/dreamer4/data/waymo_vector_dataset_ooi_centered_50k/train/bec22bca3508d3f3_focus_2536_src0.npz,2536,5037,no_full_60_step_shared_window,57.0,12,42,0.9458222985267639,30,-1,-1,nan,57,0.9,no_full_60_step_shared_window/no_full_60_step_shared_window_3_q90_train_bec22bca3508d3f3.png
