sample_index,split,scenario_id,source_path,first_agent_id,second_agent_id,first_agent_type,second_agent_type,is_original_ooi_pair,event_mode,primary_step_first,primary_step_second,interval_start_first,interval_end_first,interval_start_second,interval_end_second,zone_pet_steps,zone_pet_s,center_pet_steps,center_pet_s,min_clearance_m,num_contact_components,primary_component_cells,relevance_score,valid_steps_first,valid_steps_second,first_length_m,first_width_m,second_length_m,second_width_m,shard,shard_row,heading_diff_deg,mean_event_speed_mps,min_median_speed_mps,max_valid_speed_mps,max_speed_drop_mps,max_yaw_change_deg,relative_lateral_change_m,median_abs_relative_lateral_m,partial_valid,valid_fraction,interval_length_steps,types,audit_category,selection_role,figure
82673,train,5f3752fda94ce1e,/p/yufeng/tri30/dreamer4/data/waymo_vector_dataset_ooi_centered_50k/train/5f3752fda94ce1e_focus_1721_src2.npz,1721,1729,1,1,True,path_intersection,25.29212212562561,46.75281012058258,0.0,75.5,14.5,90.0,14.0,1.4000000000000001,21.46068799495697,2.1460687994956973,0.0,1,950,0.8968300597468688,91,91,4.422144889831543,2.0171642303466797,4.457398414611816,2.0712873935699463,train_samples_00016.npz,2673,0.5904698520800756,8.07653522491455,8.095932006835938,9.66800308227539,1.4649691581726074,0.8051153786044231,0.30778223276138306,0.08874544501304626,False,1.0,75.5,"(1, 1)",following,ooi_typical,following/01_ooi_typical_train_idx082673_5f3752fda94ce1e.png
96709,train,bc2a7da3c806ace3,/p/yufeng/tri30/dreamer4/data/waymo_vector_dataset_ooi_centered_50k/train/bc2a7da3c806ace3_focus_1352_src1.npz,1360,1352,1,1,False,obb_contact_interval,36.0,55.0,0.0,71.5,20.5,90.0,18.0,1.8,19.0,1.9000000000000001,0.0,1,838,0.835270211411272,91,91,5.0441813468933105,2.2308130264282227,5.061511516571045,2.1359591484069824,train_samples_00019.npz,1709,0.6398385144293074,10.189211368560791,9.779820442199707,12.366979598999023,1.1595649719238281,1.0458522260906924,0.19423112273216248,0.3467889428138733,False,1.0,71.5,"(1, 1)",following,mined_typical,following/02_mined_typical_train_idx096709_bc2a7da3c806ace3.png
1438,train,10035ee859a47435,/p/yufeng/tri30/dreamer4/data/waymo_vector_dataset_ooi_centered_50k/train/10035ee859a47435_focus_798_src1.npz,799,798,1,1,False,obb_contact_interval,28.0,35.0,0.0,47.5,7.5,90.0,6.0,0.6000000000000001,7.0,0.7000000000000001,0.0,1,2061,0.9801986733067554,91,91,3.973752737045288,1.9265949726104736,4.544238567352295,2.024552822113037,train_samples_00000.npz,1438,0.03195162827237295,2.683887481689453,1.3317104578018188,7.667233943939209,5.789933204650879,1.0302656276830175,0.10284127295017242,0.1359703093767166,False,1.0,82.5,"(1, 1)",following,low_pet,following/03_low_pet_train_idx001438_10035ee859a47435.png
71070,train,116205920d1a539a,/p/yufeng/tri30/dreamer4/data/waymo_vector_dataset_ooi_centered_50k/train/116205920d1a539a_focus_684_src1.npz,684,1770,1,1,False,obb_contact_interval,38.0,76.0,0.0,48.5,50.5,90.0,37.0,3.7,38.0,3.8000000000000003,0.0,1,916,0.46740668448561884,91,91,4.51704740524292,2.057112693786621,5.285999774932861,2.3320000171661377,train_samples_00014.npz,1070,0.6650691798624816,3.5533969402313232,2.959017038345337,13.83662223815918,7.329450607299805,0.8027931142866187,0.07708263397216797,0.388428270816803,False,1.0,48.5,"(1, 1)",following,high_pet,following/04_high_pet_train_idx071070_116205920d1a539a.png
11736,val,105433dfbca1afa5,/p/yufeng/tri30/dreamer4/data/waymo_vector_dataset_ooi_centered_50k/val/105433dfbca1afa5_focus_443_src0.npz,443,460,1,1,False,obb_contact_interval,73.0,78.0,0.0,81.5,29.5,90.0,4.0,0.4,5.0,0.5,0.0,1,2734,0.9911505004882849,91,91,4.437397480010986,1.9400091171264648,4.5593390464782715,2.0475540161132812,val_samples_00002.npz,1736,0.6286779319646536,0.5101956129074097,1.3041009902954102,5.924871444702148,1.0736225843429565,11.32603910154223,0.13497024774551392,0.25852280855178833,False,1.0,81.5,"(1, 1)",following,long_interval,following/05_long_interval_val_idx011736_105433dfbca1afa5.png
24724,train,80dd81d73c4c0966,/p/yufeng/tri30/dreamer4/data/waymo_vector_dataset_ooi_centered_50k/train/80dd81d73c4c0966_focus_890_src2.npz,890,911,1,1,False,obb_contact_interval,11.0,34.0,0.0,51.5,22.5,90.0,22.0,2.2,23.0,2.3000000000000003,0.0,1,976,0.7642281651714904,91,82,4.784005641937256,2.132370948791504,4.52619743347168,2.084115982055664,train_samples_00004.npz,4724,0.09018581780084836,9.717966556549072,3.7310187816619873,11.401195526123047,5.86998176574707,1.3956808550004056,0.0,0.07294486463069916,True,0.9505494505494505,67.5,"(1, 1)",following,partial_or_strong_response,following/06_partial_or_strong_response_train_idx024724_80dd81d73c4c0966.png
49615,train,38016a65cfb001ef,/p/yufeng/tri30/dreamer4/data/waymo_vector_dataset_ooi_centered_50k/train/38016a65cfb001ef_focus_391_src0.npz,401,391,1,1,True,path_intersection,64.33448874950409,86.81678313016891,29.5,75.5,54.5,90.0,14.0,1.4000000000000001,22.482294380664825,2.2482294380664825,0.0,1,546,0.8968300597468688,91,91,4.595411777496338,2.014522075653076,4.507750511169434,2.0241940021514893,train_samples_00009.npz,4615,5.964285534682038,7.672722101211548,4.429289817810059,8.084074974060059,0.648435115814209,20.156079486004387,6.26545524597168,6.309737205505371,False,1.0,46.0,"(1, 1)",merge_cut_in,ooi_typical,merge_cut_in/07_ooi_typical_train_idx049615_38016a65cfb001ef.png
79195,train,891ce9cdd2ae1c,/p/yufeng/tri30/dreamer4/data/waymo_vector_dataset_ooi_centered_50k/train/891ce9cdd2ae1c_focus_665_src0.npz,665,674,1,1,False,path_intersection,24.65791541337967,54.97417050600052,0.0,50.5,21.5,76.5,21.0,2.1,30.31625509262085,3.031625509262085,0.0,2,694,0.7827045382418681,91,78,5.700099468231201,2.473151683807373,5.014266490936279,2.24688720703125,train_samples_00015.npz,4195,3.200872745321507,8.251285552978516,8.169327735900879,16.328693389892578,0.7852087020874023,60.23681798855479,16.91344451904297,12.827284812927246,True,0.9285714285714286,55.0,"(1, 1)",merge_cut_in,mined_typical,merge_cut_in/08_mined_typical_train_idx079195_891ce9cdd2ae1c.png
8883,val,1118240e92621b40,/p/yufeng/tri30/dreamer4/data/waymo_vector_dataset_ooi_centered_50k/val/1118240e92621b40_focus_1330_src2.npz,1330,1335,1,1,True,obb_contact_interval,52.0,55.0,44.5,79.5,50.5,90.0,2.0,0.2,3.0,0.30000000000000004,0.0,1,256,0.9977802450856065,91,91,4.551800727844238,2.053004741668701,5.714573860168457,2.2918992042541504,val_samples_00001.npz,3883,3.7314962681180464,15.687781810760498,14.28246784210205,20.465211868286133,0.44953346252441406,4.0313415726816055,2.427375555038452,3.5824990272521973,False,1.0,39.5,"(1, 1)",merge_cut_in,low_pet,merge_cut_in/09_low_pet_val_idx008883_1118240e92621b40.png
11265,val,10046aa6cf702930,/p/yufeng/tri30/dreamer4/data/waymo_vector_dataset_ooi_centered_50k/val/10046aa6cf702930_focus_3426_src4.npz,1097,3426,1,1,False,path_intersection,22.31564012169838,71.23349279165268,0.0,41.5,45.5,90.0,44.0,4.4,48.9178526699543,4.891785266995431,0.0,1,342,0.34110819809659193,91,91,4.5728583335876465,2.0230519771575928,5.285999774932861,2.3320000171661377,val_samples_00002.npz,1265,1.241222953774684,14.170765399932861,13.927066802978516,15.645413398742676,5.205046653747559,6.212944974718699,10.108344078063965,4.397365570068359,False,1.0,44.5,"(1, 1)",merge_cut_in,high_pet,merge_cut_in/10_high_pet_val_idx011265_10046aa6cf702930.png
87665,train,1006d45e445eb616,/p/yufeng/tri30/dreamer4/data/waymo_vector_dataset_ooi_centered_50k/train/1006d45e445eb616_focus_36_src4.npz,31,36,1,1,False,obb_contact_interval,14.0,26.0,0.0,63.5,12.5,90.0,11.0,1.1,12.0,1.2000000000000002,0.0,1,1031,0.9349874032704532,64,91,4.986550331115723,2.169389486312866,4.673078536987305,2.0648109912872314,train_samples_00017.npz,2665,14.453472585690703,6.67473578453064,7.061831474304199,12.49796199798584,1.8577699661254883,62.850103006515035,9.57034969329834,6.770428657531738,True,0.8516483516483516,77.5,"(1, 1)",merge_cut_in,long_interval,merge_cut_in/11_long_interval_train_idx087665_1006d45e445eb616.png
78570,train,c7ff86f3641a859f,/p/yufeng/tri30/dreamer4/data/waymo_vector_dataset_ooi_centered_50k/train/c7ff86f3641a859f_focus_699_src1.npz,699,713,1,1,False,obb_contact_interval,16.0,25.0,0.0,17.5,12.5,38.5,8.0,0.8,9.0,0.9,0.6077969074249268,1,274,0.9650691177896804,91,89,5.640371322631836,2.3975863456726074,4.569039821624756,2.0228731632232666,train_samples_00015.npz,3570,26.642177386010236,4.307162284851074,4.55206298828125,11.350269317626953,3.5604679584503174,93.83193670434125,9.126541137695312,10.715672492980957,True,0.989010989010989,26.0,"(1, 1)",merge_cut_in,partial_or_strong_response,merge_cut_in/12_partial_or_strong_response_train_idx078570_c7ff86f3641a859f.png
59512,train,7fdf4b916f302582,/p/yufeng/tri30/dreamer4/data/waymo_vector_dataset_ooi_centered_50k/train/7fdf4b916f302582_focus_160_src0.npz,1125,160,1,1,True,path_intersection,57.704388320446014,87.71064877510071,44.5,68.5,79.5,90.0,11.0,1.1,30.006260454654694,3.0006260454654696,0.0,1,214,0.9349874032704532,91,91,5.285999774932861,2.3320000171661377,4.652663230895996,2.066209077835083,train_samples_00011.npz,4512,119.93749344802026,5.770337820053101,0.10326492041349411,7.529299259185791,0.6686415672302246,70.40501622860116,4.096087455749512,11.488908767700195,False,1.0,24.0,"(1, 1)",crossing,ooi_typical,crossing/13_ooi_typical_train_idx059512_7fdf4b916f302582.png
63238,train,4892c1a69ac0d47f,/p/yufeng/tri30/dreamer4/data/waymo_vector_dataset_ooi_centered_50k/train/4892c1a69ac0d47f_focus_1949_src1.npz,1955,1949,1,1,False,path_intersection,28.75094783306122,66.57042193412781,23.5,33.5,55.5,75.5,23.0,2.3000000000000003,37.81947410106659,3.781947410106659,0.0,1,171,0.7453593045429804,90,91,4.6374664306640625,1.9953328371047974,4.8442792892456055,2.09153413772583,train_samples_00012.npz,3238,120.05558741876979,7.691083669662476,6.0090837478637695,14.492879867553711,0.3417167663574219,81.24518213957171,1.8791260719299316,6.287961959838867,True,0.9945054945054945,20.0,"(1, 1)",crossing,mined_typical,crossing/14_mined_typical_train_idx063238_4892c1a69ac0d47f.png
32652,train,100537dafebaca29,/p/yufeng/tri30/dreamer4/data/waymo_vector_dataset_ooi_centered_50k/train/100537dafebaca29_focus_1761_src3.npz,1751,1761,1,1,False,path_intersection,40.327502727508545,62.183443799614906,30.5,48.5,49.5,70.5,2.0,0.2,21.85594107210636,2.1855941072106364,0.0,1,292,0.9977802450856065,91,89,4.488186836242676,2.100893259048462,4.524148941040039,2.0556750297546387,train_samples_00006.npz,2652,130.51016183033644,5.947047472000122,2.515331983566284,13.560157775878906,0.02071666717529297,87.40056227996554,1.271162986755371,3.5768399238586426,True,0.989010989010989,21.0,"(1, 1)",crossing,low_pet,crossing/15_low_pet_train_idx032652_100537dafebaca29.png
83969,train,264f1457c6a84210,/p/yufeng/tri30/dreamer4/data/waymo_vector_dataset_ooi_centered_50k/train/264f1457c6a84210_focus_699_src0.npz,699,703,1,1,True,path_intersection,16.140044644474983,81.42005002498627,0.0,30.5,73.5,90.0,44.0,4.4,65.28000538051128,6.528000538051129,0.0,1,466,0.34110819809659193,91,91,5.466180801391602,2.385531187057495,4.90377950668335,2.1902568340301514,train_samples_00016.npz,3969,123.54290439737944,4.8843196630477905,2.3193359375,9.927684783935547,0.19867873191833496,75.83583624146169,2.5391292572021484,26.585935592651367,False,1.0,30.5,"(1, 1)",crossing,high_pet,crossing/16_high_pet_train_idx083969_264f1457c6a84210.png
83728,train,13014c700fd007e3,/p/yufeng/tri30/dreamer4/data/waymo_vector_dataset_ooi_centered_50k/train/13014c700fd007e3_focus_86_src2.npz,490,86,1,1,True,path_intersection,42.09656685590744,81.50028413534164,25.5,64.5,52.5,90.0,0.0,0.0,39.403717279434204,3.9403717279434205,0.0,1,938,1.0,91,91,5.285999774932861,2.3320000171661377,5.256776809692383,2.364037036895752,train_samples_00016.npz,3728,132.33487418786203,4.186490058898926,0.5469240546226501,5.2039794921875,0.03794145584106445,39.427540191465404,1.5750536918640137,4.975517749786377,False,1.0,39.0,"(1, 1)",crossing,long_interval,crossing/17_long_interval_train_idx083728_13014c700fd007e3.png
83455,train,632841482861460b,/p/yufeng/tri30/dreamer4/data/waymo_vector_dataset_ooi_centered_50k/train/632841482861460b_focus_1279_src6.npz,1146,1279,1,1,False,path_intersection,32.868940114974976,70.35643300414085,28.5,37.5,55.5,82.5,20.0,2.0,37.48749288916588,3.748749288916588,0.0,1,206,0.8007374029168081,91,80,4.653177738189697,2.1489338874816895,4.415063858032227,2.021409511566162,train_samples_00016.npz,3455,117.28832261616078,7.711094975471497,3.4597034454345703,13.955953598022461,2.358059883117676,102.21559775956004,0.19190764427185059,3.536388397216797,True,0.9395604395604396,27.0,"(1, 1)",crossing,partial_or_strong_response,crossing/18_partial_or_strong_response_train_idx083455_632841482861460b.png
7142,train,44e429b24787373a,/p/yufeng/tri30/dreamer4/data/waymo_vector_dataset_ooi_centered_50k/train/44e429b24787373a_focus_2064_src0.npz,2064,2071,1,1,True,path_intersection,28.792946577072144,58.9544078707695,23.5,35.5,42.5,73.5,9.0,0.9,30.161461293697357,3.016146129369736,0.0,1,322,0.9559974818331,91,91,4.667177677154541,2.123868942260742,4.6927008628845215,2.133671760559082,train_samples_00001.npz,2142,116.25805688175606,6.315377354621887,2.4905407428741455,10.679644584655762,4.345560073852539,82.83368606503075,0.43174028396606445,3.721583604812622,False,1.0,31.0,"(1, 1)",crossing,median_heading,crossing/19_median_heading_train_idx007142_44e429b24787373a.png
103097,train,8045d34c5db106d4,/p/yufeng/tri30/dreamer4/data/waymo_vector_dataset_ooi_centered_50k/train/8045d34c5db106d4_focus_1_src0.npz,6,1,1,1,True,path_intersection,34.72464233636856,64.9530937075615,21.5,90.0,0.0,77.5,0.0,0.0,30.228451371192932,3.0228451371192935,0.0,1,2761,1.0,91,91,4.460212707519531,2.063277006149292,5.034411430358887,2.167616367340088,train_samples_00020.npz,3097,133.95200342946248,4.135209798812866,2.872084140777588,5.226345539093018,3.6538031101226807,90.98485431109148,0.30264854431152344,3.169111967086792,False,1.0,77.5,"(1, 1)",crossing,strong_response,crossing/20_strong_response_train_idx103097_8045d34c5db106d4.png
826,train,42f161e4ed926e90,/p/yufeng/tri30/dreamer4/data/waymo_vector_dataset_ooi_centered_50k/train/42f161e4ed926e90_focus_3_src0.npz,4,3,1,1,True,path_intersection,54.70329278707504,76.92803239822388,43.5,68.5,55.5,85.5,0.0,0.0,22.224739611148834,2.2224739611148836,0.0,2,429,1.0,91,91,4.883342742919922,2.0436477661132812,4.8422441482543945,2.097435712814331,train_samples_00000.npz,826,139.50746074096753,5.870377779006958,1.7423094511032104,8.036240577697754,0.4684934616088867,75.87340228189676,0.4219062328338623,3.173844575881958,False,1.0,30.0,"(1, 1)",oncoming,ooi_typical,oncoming/21_ooi_typical_train_idx000826_42f161e4ed926e90.png
1552,val,94e7762cbdee8792,/p/yufeng/tri30/dreamer4/data/waymo_vector_dataset_ooi_centered_50k/val/94e7762cbdee8792_focus_1173_src0.npz,1184,1173,1,1,False,obb_contact_interval,6.0,26.0,0.0,7.5,25.5,44.5,19.0,1.9000000000000001,20.0,2.0,0.0,1,126,0.8182760289835492,91,91,4.490410804748535,1.9810848236083984,4.593172550201416,1.9968384504318237,val_samples_00000.npz,1552,162.38649076224587,6.097199440002441,5.923048973083496,9.351794242858887,0.46027255058288574,75.13893838006696,0.8003535270690918,5.66710090637207,False,1.0,19.0,"(1, 1)",oncoming,mined_typical,oncoming/22_mined_typical_val_idx001552_94e7762cbdee8792.png
87329,train,10947963dc667de3,/p/yufeng/tri30/dreamer4/data/waymo_vector_dataset_ooi_centered_50k/train/10947963dc667de3_focus_30_src0.npz,30,114,1,1,True,obb_contact_interval,50.0,50.0,0.0,90.0,2.5,69.5,0.0,0.0,0.0,0.0,0.0,1,1865,1.0,91,91,4.577869415283203,2.014676809310913,5.285999774932861,2.3320000171661377,train_samples_00017.npz,2329,136.3178443608416,2.103541076183319,1.4773598909378052,7.00384521484375,0.4208441972732544,73.43344014431477,5.206912040710449,6.0472331047058105,False,1.0,90.0,"(1, 1)",oncoming,low_pet,oncoming/23_low_pet_train_idx087329_10947963dc667de3.png
46985,train,16153cda7d0c7a55,/p/yufeng/tri30/dreamer4/data/waymo_vector_dataset_ooi_centered_50k/train/16153cda7d0c7a55_focus_2128_src1.npz,2140,2128,1,1,False,path_intersection,19.14705067873001,85.68341767787933,1.5,29.5,77.5,90.0,48.0,4.800000000000001,66.53636699914932,6.653636699914933,0.0,1,282,0.278037300453194,91,91,4.612913131713867,2.057713031768799,4.259454250335693,2.003225564956665,train_samples_00009.npz,1985,136.869313807748,5.8193511962890625,3.4053852558135986,10.390128135681152,0.33956336975097656,76.616882033431,4.943243026733398,20.76327133178711,False,1.0,28.0,"(1, 1)",oncoming,high_pet,oncoming/24_high_pet_train_idx046985_16153cda7d0c7a55.png
93217,train,77a3a51dcf13d581,/p/yufeng/tri30/dreamer4/data/waymo_vector_dataset_ooi_centered_50k/train/77a3a51dcf13d581_focus_3130_src0.npz,3317,3130,2,1,True,path_intersection,49.5219230055809,84.22461602091789,32.5,67.5,73.5,90.0,10.0,1.0,34.70269301533699,3.4702693015336994,0.0,1,545,0.9459594689067654,91,91,1.2413966655731201,1.2835696935653687,4.2050886154174805,1.9606013298034668,train_samples_00018.npz,3217,83.12060182149547,2.8925600051879883,1.5073264837265015,5.042845726013184,0.5878595113754272,13.12412652790946,2.8717379570007324,7.777376651763916,False,1.0,35.0,"(1, 2)",vru,vehicle_pedestrian_ooi_typical,vru/25_vehicle_pedestrian_ooi_typical_train_idx093217_77a3a51dcf13d581.png
2098,val,bb8dc6a4310598aa,/p/yufeng/tri30/dreamer4/data/waymo_vector_dataset_ooi_centered_50k/val/bb8dc6a4310598aa_focus_720_src0.npz,3263,720,2,1,False,path_intersection,39.34898117184639,87.77788692712784,22.5,55.5,75.5,90.0,20.0,2.0,48.42890575528145,4.842890575528145,0.0,1,495,0.8007374029168081,91,91,1.0686818361282349,0.8983376622200012,4.474441051483154,2.0794293880462646,val_samples_00000.npz,2098,88.46663186599947,2.757422089576721,0.2343750149011612,4.34415864944458,0.4714552164077759,6.952750938253106,0.34940052032470703,5.893911838531494,False,1.0,33.0,"(1, 2)",vru,vehicle_pedestrian_mined_typical,vru/26_vehicle_pedestrian_mined_typical_val_idx002098_bb8dc6a4310598aa.png
49118,train,16e15c8d790e61cf,/p/yufeng/tri30/dreamer4/data/waymo_vector_dataset_ooi_centered_50k/train/16e15c8d790e61cf_focus_2043_src5.npz,2043,2140,2,1,False,obb_contact_interval,38.0,86.0,4.5,38.5,84.5,90.0,47.0,4.7,48.0,4.800000000000001,0.0,1,174,0.2931056302245987,91,91,1.0223758220672607,0.8776984214782715,5.285999774932861,2.3320000171661377,train_samples_00009.npz,4118,118.3151049540888,1.7751599550247192,0.0007005319348536432,2.7796554565429688,0.47633230686187744,34.242965573656754,0.16411209106445312,4.928867816925049,False,1.0,34.0,"(1, 2)",vru,vehicle_pedestrian_high_pet,vru/27_vehicle_pedestrian_high_pet_train_idx049118_16e15c8d790e61cf.png
1897,train,82f10d89eda7963d,/p/yufeng/tri30/dreamer4/data/waymo_vector_dataset_ooi_centered_50k/train/82f10d89eda7963d_focus_327_src0.npz,1450,327,3,1,True,path_intersection,54.44983518123627,81.73872208595276,41.5,66.5,72.5,89.5,14.0,1.4000000000000001,27.28888690471649,2.728888690471649,0.0,1,306,0.8968300597468688,91,91,1.9804145097732544,0.9350056648254395,4.8383660316467285,2.2205376625061035,train_samples_00000.npz,1897,49.93456023725443,4.814345836639404,3.2165560722351074,6.618276119232178,1.089667558670044,60.485061213938906,1.8925607204437256,5.776106357574463,False,1.0,25.0,"(1, 3)",vru,vehicle_cyclist_ooi_typical,vru/28_vehicle_cyclist_ooi_typical_train_idx001897_82f10d89eda7963d.png
90791,train,79842d271da89b48,/p/yufeng/tri30/dreamer4/data/waymo_vector_dataset_ooi_centered_50k/train/79842d271da89b48_focus_6454_src6.npz,6454,1832,3,1,False,obb_contact_interval,27.0,57.0,0.0,29.5,40.5,66.5,29.0,2.9000000000000004,30.0,3.0,0.0,1,369,0.6267407992029929,91,91,1.8393805027008057,0.9080496430397034,4.343308925628662,2.0532939434051514,train_samples_00018.npz,791,12.101033345906897,5.088667154312134,3.9258430004119873,6.896634101867676,1.434241771697998,7.036747324005454,4.994636535644531,3.007810115814209,False,1.0,29.5,"(1, 3)",vru,vehicle_cyclist_mined_typical,vru/29_vehicle_cyclist_mined_typical_train_idx090791_79842d271da89b48.png
7681,train,14081948c954fc83,/p/yufeng/tri30/dreamer4/data/waymo_vector_dataset_ooi_centered_50k/train/14081948c954fc83_focus_6114_src3.npz,6114,2513,3,1,False,obb_contact_interval,8.0,61.0,0.0,11.5,52.5,75.5,52.0,5.2,53.0,5.300000000000001,0.0,2,138,0.2226348658788909,84,91,1.9250125885009766,0.9236332178115845,4.832886219024658,2.232076644897461,train_samples_00001.npz,2681,0.882214553955527,8.27813982963562,8.474296569824219,11.85527229309082,4.140528678894043,5.636887247006646,0.3294373154640198,1.258138656616211,True,0.9615384615384616,23.0,"(1, 3)",vru,vehicle_cyclist_high_pet,vru/30_vehicle_cyclist_high_pet_train_idx007681_14081948c954fc83.png
3637,val,404d5d56347513e0,/p/yufeng/tri30/dreamer4/data/waymo_vector_dataset_ooi_centered_50k/val/404d5d56347513e0_focus_637_src2.npz,637,2137,1,2,True,ooi_closest_fallback,84.61734384298325,90.0,84.61734384298325,84.61734384298325,90.0,90.0,5.382656157016754,0.5382656157016754,5.382656157016754,0.5382656157016754,4.6685623824596405,0,0,0.9840327459706408,91,90,4.953564643859863,2.1444149017333984,0.9178820252418518,0.8524360656738281,val_samples_00000.npz,3637,115.14789159444052,6.098933815956116,0.17539218068122864,11.103507041931152,0.3124551773071289,34.67796324642194,2.743769645690918,25.989547729492188,True,0.9945054945054945,0.0,"(1, 2)",ooi_fallback,low_pet,ooi_fallback/31_low_pet_val_idx003637_404d5d56347513e0.png
93941,train,9728ba2cf055d7da,/p/yufeng/tri30/dreamer4/data/waymo_vector_dataset_ooi_centered_50k/train/9728ba2cf055d7da_focus_984_src0.npz,3241,984,2,1,True,ooi_closest_fallback,50.0,88.18108968436718,50.0,50.0,88.18108968436718,88.18108968436718,38.18108968436718,3.818108968436718,38.18108968436718,3.818108968436718,1.0721670985221863,0,0,0.44490858285150364,51,91,1.0495091676712036,1.0249202251434326,4.547812461853027,2.121091365814209,train_samples_00018.npz,3941,93.1565402784537,1.3507586419582367,0.1367405354976654,7.409607887268066,4.994174480438232,16.916655658903448,0.0,36.29203414916992,True,0.7802197802197802,0.0,"(1, 2)",ooi_fallback,median_pet,ooi_fallback/32_median_pet_train_idx093941_9728ba2cf055d7da.png
44795,train,14876f1df8d935ec,/p/yufeng/tri30/dreamer4/data/waymo_vector_dataset_ooi_centered_50k/train/14876f1df8d935ec_focus_17_src0.npz,17,41,1,1,True,ooi_closest_fallback,0.0,89.0,0.0,0.0,89.0,89.0,89.0,8.9,89.0,8.9,1.5985910892486572,0,0,0.012270521052978248,91,91,4.436666965484619,1.970108151435852,5.844551086425781,2.3470563888549805,train_samples_00008.npz,4795,1.2386137181250865,2.629330512136221,0.08254878222942352,7.595616817474365,4.769650459289551,0.9719769000278345,0.0,0.051035601645708084,False,1.0,0.0,"(1, 1)",ooi_fallback,high_pet,ooi_fallback/33_high_pet_train_idx044795_14876f1df8d935ec.png
55889,train,10b34feb8502f8ca,/p/yufeng/tri30/dreamer4/data/waymo_vector_dataset_ooi_centered_50k/train/10b34feb8502f8ca_focus_142_src1.npz,144,142,1,1,True,ooi_closest_fallback,27.0,71.29180878400803,27.0,27.0,71.29180878400803,71.29180878400803,44.291808784008026,4.429180878400802,44.291808784008026,4.429180878400802,0.0,0,0,0.3362605175339253,91,91,5.041934967041016,2.0632729530334473,4.7535247802734375,2.0716254711151123,train_samples_00011.npz,889,1.3158494972595907,2.9961162246763706,1.7714923620224,12.129715919494629,0.5292702913284302,1.2942933135173247,0.08205366134643555,3.0764033794403076,False,1.0,0.0,"(1, 1)",ooi_fallback,low_clearance,ooi_fallback/34_low_clearance_train_idx055889_10b34feb8502f8ca.png
101925,train,9b5c78113be7275b,/p/yufeng/tri30/dreamer4/data/waymo_vector_dataset_ooi_centered_50k/train/9b5c78113be7275b_focus_5_src0.npz,12,5,1,1,True,ooi_closest_fallback,54.3683023750782,90.0,54.3683023750782,54.3683023750782,90.0,90.0,35.6316976249218,3.56316976249218,35.6316976249218,3.56316976249218,13.504605770111084,0,0,0.4939389935585721,91,91,5.797760486602783,2.4057412147521973,4.822052478790283,2.1113743782043457,train_samples_00020.npz,1925,69.67861189663111,3.0267027989029884,5.542872905731201,13.947787284851074,1.5936132669448853,64.70656208330284,11.678401947021484,33.363433837890625,False,1.0,0.0,"(1, 1)",ooi_fallback,high_clearance,ooi_fallback/35_high_clearance_train_idx101925_9b5c78113be7275b.png
2206,train,a5f760e36b0d80ce,/p/yufeng/tri30/dreamer4/data/waymo_vector_dataset_ooi_centered_50k/train/a5f760e36b0d80ce_focus_528_src2.npz,528,536,1,1,True,ooi_closest_fallback,7.0,90.0,7.0,7.0,90.0,90.0,83.0,8.3,83.0,8.3,0.0,0,0,0.021770003951548333,90,91,4.262094497680664,2.000033378601074,5.024914264678955,2.2012791633605957,train_samples_00000.npz,2206,4.533715646514384,1.7000664174556732,1.2158457040786743,5.675720691680908,1.7443565130233765,1.2617546124765013,0.42658519744873047,4.563201904296875,True,0.9945054945054945,0.0,"(1, 1)",ooi_fallback,partial_or_strong_response,ooi_fallback/36_partial_or_strong_response_train_idx002206_a5f760e36b0d80ce.png
